{
  "resultados": [
    {
      "compression": 3,
      "qubits": 6,
      "elapsed_time": 1405.6450266838074,
      "alpha": 0.0,
      "beta": 0.0,
      "f_loss_value": 0.021678082383855674,
      "function_evaluations": 229700,
      "Number of iterations": 2297,
      "num_params": 42,
      "params": [
        3.706610972558278,
        0.0,
        0.0,
        6.283185307179586,
        0.0,
        0.9481496251579811,
        6.283185307179586,
        1.9979994172106572,
        0.7083609677260503,
        5.8103328665449006,
        4.9322860764963155,
        5.373826605652856,
        0.3156193774181171,
        0.0,
        5.536770527643087,
        5.158637186123064,
        5.579701546193507,
        6.283185307179586,
        6.00863157702079,
        5.190485903209979,
        0.0,
        4.255390426696962,
        3.656022371175126,
        6.283185307179586,
        0.8041269541525822,
        0.4970212927977005,
        5.927894871701916,
        1.3094742676361137,
        6.083029342226389,
        0.2537650412720268,
        5.849776293351791,
        0.010849163746780587,
        1.6042222845962248,
        5.25539629225948,
        2.044306012202198,
        6.132380378316435,
        0.048860932514211225,
        0.6354790161146177,
        5.1386659558800964,
        1.7266601351561897,
        0.0,
        5.151665779837354
      ],
      "Sol_Reached": "True",
      "a_int": 1978399,
      "b_int": 9900659,
      "p_int": 3119,
      "q_int": 6449,
      "p_bitstring": [
        1,
        1,
        1,
        1,
        0,
        1,
        0,
        0,
        0,
        0,
        1,
        1
      ],
      "q_bitstring": [
        1,
        0,
        0,
        0,
        1,
        1,
        0,
        0,
        1,
        0,
        0,
        1,
        1
      ],
      "optimizer_message": "QDPSO optimization finished.",
      "optimizer_status": ""
    },
    {
      "compression": 3,
      "qubits": 6,
      "elapsed_time": 5271.474566698074,
      "alpha": 0.0,
      "beta": 0.0,
      "f_loss_value": 0.01911046042502891,
      "function_evaluations": 898900,
      "Number of iterations": 8989,
      "num_params": 42,
      "params": [
        1.4542700190446531,
        0.4244772674880133,
        2.293857062425335,
        4.531721485421766,
        6.0077290291504095,
        0.0,
        5.128674648761951,
        4.9852504120205525,
        6.28318530717957,
        1.4052881803581037,
        3.882270970917742,
        0.10359029366280814,
        0.468796323627735,
        0.9374921742794078,
        0.0,
        6.165239008268571,
        6.19337083492804,
        0.0,
        0.0,
        6.28318530717958,
        6.283185307179545,
        6.283185307179586,
        0.5016879762469838,
        0.0,
        4.674836598104811,
        1.7314839371758295,
        4.292116537345972,
        0.9449250870374918,
        6.283185307179586,
        6.283185307179335,
        2.2264537913998317,
        1.9917241181468532,
        4.56062818671112,
        4.962647686587499,
        6.283185307179586,
        0.8223658818048707,
        0.17603902442829755,
        0.0,
        0.6290884308419323,
        1.1904175936092685,
        5.91658730895445,
        5.804743565945065
      ],
      "Sol_Reached": "True",
      "a_int": 31090272,
      "b_int": 12098681,
      "p_int": 3119,
      "q_int": 6449,
      "p_bitstring": [
        1,
        1,
        1,
        1,
        0,
        1,
        0,
        0,
        0,
        0,
        1,
        1
      ],
      "q_bitstring": [
        1,
        0,
        0,
        0,
        1,
        1,
        0,
        0,
        1,
        0,
        0,
        1,
        1
      ],
      "optimizer_message": "QDPSO optimization finished.",
      "optimizer_status": ""
    }
  ]
}